Run,my_stage,Organism,project
DRR024470,embryo,Acropora digitifera,PRJDB3244
DRR024471,embryo,Acropora digitifera,PRJDB3244
DRR024480,embryo,Acropora digitifera,PRJDB3244
DRR108020,adult,Acropora digitifera,PRJDB6468
DRR108021,adult,Acropora digitifera,PRJDB6468
DRR119960,recruit,Acropora tenuis,PRJDB4715
DRR119961,recruit,Acropora tenuis,PRJDB4715
s104_S140,adult,Acropora millepora,This study
s105_S141,adult,Acropora millepora,This study
s115_S150,adult,Acropora millepora,This study
s116_S151,adult,Acropora millepora,This study
s126_S160,adult,Acropora millepora,This study
s127_S161,adult,Acropora millepora,This study
s12_S50,adult,Acropora millepora,This study
s136_S170,adult,Acropora millepora,This study
s137_S171,adult,Acropora millepora,This study
s13_S51,adult,Acropora millepora,This study
s146_S180,adult,Acropora millepora,This study
s147_S181,adult,Acropora millepora,This study
s156_S190,adult,Acropora millepora,This study
s157_S191,adult,Acropora millepora,This study
s166_S200,adult,Acropora millepora,This study
s167_S201,adult,Acropora millepora,This study
s181_S210,adult,Acropora millepora,This study
s182_S211,adult,Acropora millepora,This study
s22_S60,adult,Acropora millepora,This study
s23_S61,adult,Acropora millepora,This study
s2_S40,adult,Acropora millepora,This study
s32_S70,adult,Acropora millepora,This study
s33_S71,adult,Acropora millepora,This study
s3_S41,adult,Acropora millepora,This study
s43_S80,adult,Acropora millepora,This study
s44_S81,adult,Acropora millepora,This study
s53_S90,adult,Acropora millepora,This study
s54_S91,adult,Acropora millepora,This study
s63_S100,adult,Acropora millepora,This study
s64_S101,adult,Acropora millepora,This study
s73_S110,adult,Acropora millepora,This study
s74_S111,adult,Acropora millepora,This study
s83_S120,adult,Acropora millepora,This study
s84_S121,adult,Acropora millepora,This study
s93_S130,adult,Acropora millepora,This study
s94_S131,adult,Acropora millepora,This study
SRR1015321,adult,Acropora cervicornis,PRJNA222758
SRR1015331,adult,Acropora cervicornis,PRJNA222758
SRR1015340,adult,Acropora cervicornis,PRJNA222758
SRR1206130,adult,Acropora hyacinthus complex sp. E JTL-2012,PRJNA242821
SRR1206131,adult,Acropora hyacinthus complex sp. E JTL-2012,PRJNA242821
SRR1653611,adult,Acropora aspera,PRJNA266455
SRR1812170,adult,Acropora hyacinthus,PRJNA274410
SRR1812171,adult,Acropora hyacinthus,PRJNA274410
SRR1812180,adult,Acropora hyacinthus,PRJNA274410
SRR1812181,adult,Acropora hyacinthus,PRJNA274410
SRR1812190,adult,Acropora hyacinthus,PRJNA274410
SRR1812191,adult,Acropora hyacinthus,PRJNA274410
SRR1812200,adult,Acropora hyacinthus,PRJNA274410
SRR1812201,adult,Acropora hyacinthus,PRJNA274410
SRR1812210,adult,Acropora hyacinthus,PRJNA274410
SRR1812211,adult,Acropora hyacinthus,PRJNA274410
SRR1812220,adult,Acropora hyacinthus,PRJNA274410
SRR1812221,adult,Acropora hyacinthus,PRJNA274410
SRR1812230,adult,Acropora hyacinthus,PRJNA274410
SRR1812231,adult,Acropora hyacinthus,PRJNA274410
SRR1812240,adult,Acropora hyacinthus,PRJNA274410
SRR1812241,adult,Acropora hyacinthus,PRJNA274410
SRR1812250,adult,Acropora hyacinthus,PRJNA274410
SRR1812251,adult,Acropora hyacinthus,PRJNA274410
SRR1812260,adult,Acropora hyacinthus,PRJNA274410
SRR1812261,adult,Acropora hyacinthus,PRJNA274410
SRR1812270,adult,Acropora hyacinthus,PRJNA274410
SRR1812271,adult,Acropora hyacinthus,PRJNA274410
SRR1812280,adult,Acropora hyacinthus,PRJNA274410
SRR1812281,adult,Acropora hyacinthus,PRJNA274410
SRR1812290,adult,Acropora hyacinthus,PRJNA274410
SRR1812291,adult,Acropora hyacinthus,PRJNA274410
SRR1812300,adult,Acropora hyacinthus,PRJNA274410
SRR1812301,adult,Acropora hyacinthus,PRJNA274410
SRR1812310,adult,Acropora hyacinthus,PRJNA274410
SRR1812311,adult,Acropora hyacinthus,PRJNA274410
SRR1842771,adult,Acropora millepora,PRJNA276913
SRR1853201,adult,Acropora millepora,PRJNA276913
SRR1853210,adult,Acropora millepora,PRJNA276913
SRR1853211,adult,Acropora millepora,PRJNA276913
SRR1853250,adult,Acropora millepora,PRJNA276913
SRR1853251,adult,Acropora millepora,PRJNA276913
SRR1929581,adult,Acropora millepora,PRJNA279192
SRR1929590,adult,Acropora millepora,PRJNA279192
SRR1929591,adult,Acropora millepora,PRJNA279192
SRR1929600,adult,Acropora millepora,PRJNA279192
SRR1929601,adult,Acropora millepora,PRJNA279192
SRR1929610,larva,Acropora millepora,PRJNA279192
SRR1929611,larva,Acropora millepora,PRJNA279192
SRR1929620,larva,Acropora millepora,PRJNA279192
SRR1929621,larva,Acropora millepora,PRJNA279192
SRR1929630,larva,Acropora millepora,PRJNA279192
SRR1929631,larva,Acropora millepora,PRJNA279192
SRR2086160,adult,Acropora millepora,PRJNA288809
SRR2086161,adult,Acropora millepora,PRJNA288809
SRR2912590,larva,Acropora millepora,PRJNA292574
SRR2912591,larva,Acropora millepora,PRJNA292574
SRR2912600,larva,Acropora millepora,PRJNA292574
SRR2912601,larva,Acropora millepora,PRJNA292574
SRR3095780,adult,Acropora aculeus,PRJNA308355
SRR3106390,larva,Acropora digitifera,PRJNA309168
SRR3106391,larva,Acropora digitifera,PRJNA309168
SRR3169421,adult,Acropora gemmifera,PRJNA293100
SRR3169530,adult,Acropora gemmifera,PRJNA293100
SRR3169531,adult,Acropora gemmifera,PRJNA293100
SRR3169540,adult,Acropora gemmifera,PRJNA293100
SRR3169541,adult,Acropora gemmifera,PRJNA293100
SRR3182410,adult,Acropora gemmifera,PRJNA293100
SRR3182780,adult,Acropora gemmifera,PRJNA293100
SRR3182781,adult,Acropora gemmifera,PRJNA293100
SRR3182790,adult,Acropora gemmifera,PRJNA293100
SRR3182791,adult,Acropora gemmifera,PRJNA293100
SRR3316340,adult,Acropora digitifera,PRJNA316795
SRR3316341,adult,Acropora digitifera,PRJNA316795
SRR401860,recruit,Acropora millepora,PRJNA149513
SRR401861,recruit,Acropora millepora,PRJNA149513
SRR4029951,adult,Acropora hyacinthus,PRJNA338455
SRR4029960,adult,Acropora hyacinthus,PRJNA338455
SRR4029961,adult,Acropora hyacinthus,PRJNA338455
SRR4029970,adult,Acropora hyacinthus,PRJNA338455
SRR4029971,adult,Acropora hyacinthus,PRJNA338455
SRR4029980,adult,Acropora hyacinthus,PRJNA338455
SRR4029981,adult,Acropora hyacinthus,PRJNA338455
SRR4029990,adult,Acropora hyacinthus,PRJNA338455
SRR4029991,adult,Acropora hyacinthus,PRJNA338455
SRR4030000,adult,Acropora hyacinthus,PRJNA338455
SRR4030001,adult,Acropora hyacinthus,PRJNA338455
SRR5190740,adult,Acropora millepora,PRJNA362652
SRR5190741,adult,Acropora millepora,PRJNA362652
SRR5190750,adult,Acropora millepora,PRJNA362652
SRR5190751,adult,Acropora millepora,PRJNA362652
SRR5190760,adult,Acropora millepora,PRJNA362652
SRR5190761,adult,Acropora millepora,PRJNA362652
SRR5190770,adult,Acropora millepora,PRJNA362652
SRR5190771,adult,Acropora millepora,PRJNA362652
SRR5190780,adult,Acropora millepora,PRJNA362652
SRR5190781,adult,Acropora millepora,PRJNA362652
SRR5190790,adult,Acropora millepora,PRJNA362652
SRR5190791,adult,Acropora millepora,PRJNA362652
SRR5236070,adult,Acropora digitifera,PRJNA298496
SRR5343281,larva,Acropora millepora,PRJNA379147
SRR5343290,larva,Acropora millepora,PRJNA379147
SRR5343291,larva,Acropora millepora,PRJNA379147
SRR5343300,larva,Acropora millepora,PRJNA379147
SRR5343301,larva,Acropora millepora,PRJNA379147
SRR5343310,larva,Acropora millepora,PRJNA379147
SRR5343311,larva,Acropora millepora,PRJNA379147
SRR5343320,larva,Acropora millepora,PRJNA379147
SRR5343321,larva,Acropora millepora,PRJNA379147
SRR5362791,adult,Acropora hyacinthus,PRJNA379450
SRR5362800,adult,Acropora hyacinthus,PRJNA379450
SRR5362801,adult,Acropora hyacinthus,PRJNA379450
SRR5362810,adult,Acropora hyacinthus,PRJNA379450
SRR5362811,adult,Acropora hyacinthus,PRJNA379450
SRR5362820,adult,Acropora hyacinthus,PRJNA379450
SRR5362821,adult,Acropora hyacinthus,PRJNA379450
SRR5367050,recruit,Acropora gemmifera,PRJNA380146
SRR5367051,recruit,Acropora gemmifera,PRJNA380146
SRR5367060,recruit,Acropora gemmifera,PRJNA380146
SRR5367061,recruit,Acropora gemmifera,PRJNA380146
SRR5374530,adult,Acropora millepora,PRJNA380267
SRR5374531,adult,Acropora millepora,PRJNA380267
SRR5374540,adult,Acropora millepora,PRJNA380267
SRR5374541,adult,Acropora millepora,PRJNA380267
SRR5374550,recruit,Acropora millepora,PRJNA380267
SRR5374551,recruit,Acropora millepora,PRJNA380267
SRR5374560,recruit,Acropora millepora,PRJNA380267
SRR5374561,recruit,Acropora millepora,PRJNA380267
SRR5378430,adult,Acropora millepora,PRJNA380267
SRR5378431,adult,Acropora millepora,PRJNA380267
SRR5569440,adult,Acropora palmata,PRJNA386795
SRR5569441,adult,Acropora palmata,PRJNA386795
SRR5569450,adult,Acropora palmata,PRJNA386795
SRR5934180,larva,Acropora digitifera,PRJNA398338
SRR5934181,larva,Acropora digitifera,PRJNA398338
SRR5934190,larva,Acropora digitifera,PRJNA398338
SRR5934191,larva,Acropora digitifera,PRJNA398338
SRR6064910,adult,Acropora hyacinthus,PRJNA411943
SRR6064911,adult,Acropora hyacinthus,PRJNA411943
SRR6064920,adult,Acropora hyacinthus,PRJNA411943
SRR6064921,adult,Acropora hyacinthus,PRJNA411943
SRR6064930,adult,Acropora hyacinthus,PRJNA411943
SRR6064931,adult,Acropora hyacinthus,PRJNA411943
SRR629090,adult,Acropora hyacinthus,PRJNA177515
SRR629091,adult,Acropora hyacinthus,PRJNA177515
SRR629130,adult,Acropora hyacinthus,PRJNA177515
SRR629131,adult,Acropora hyacinthus,PRJNA177515
SRR629150,adult,Acropora hyacinthus,PRJNA177515
SRR629151,adult,Acropora hyacinthus,PRJNA177515
SRR629160,adult,Acropora hyacinthus,PRJNA177515
SRR629161,adult,Acropora hyacinthus,PRJNA177515
SRR6396371,adult,Acropora cervicornis,PRJNA423227
SRR6396380,adult,Acropora cervicornis,PRJNA423227
SRR6396381,adult,Acropora cervicornis,PRJNA423227
SRR7347330,adult,Acropora tenuis,PRJNA476311
SRR7347331,adult,Acropora tenuis,PRJNA476311
SRR7347340,adult,Acropora tenuis,PRJNA476311
SRR7347341,adult,Acropora tenuis,PRJNA476311
SRR7347350,adult,Acropora tenuis,PRJNA476311
SRR7347351,adult,Acropora tenuis,PRJNA476311
SRR7347360,adult,Acropora tenuis,PRJNA476311
SRR7347361,adult,Acropora tenuis,PRJNA476311
SRR835880,adult,Acropora millepora,PRJNA200542
SRR835881,adult,Acropora millepora,PRJNA200542
SRR835890,adult,Acropora millepora,PRJNA200542
SRR835891,adult,Acropora millepora,PRJNA200542
DRR024472,embryo,Acropora digitifera,PRJDB3244
DRR024473,embryo,Acropora digitifera,PRJDB3244
DRR054772,adult,Acropora digitifera,PRJDB4562
DRR054773,larva,Acropora digitifera,PRJDB4562
DRR108013,adult,Acropora digitifera,PRJDB6468
DRR108022,adult,Acropora digitifera,PRJDB6468
DRR108023,adult,Acropora digitifera,PRJDB6468
DRR119962,recruit,Acropora tenuis,PRJDB4715
DRR119963,recruit,Acropora tenuis,PRJDB4715
s106_S142,adult,Acropora millepora,This study
s107_S143,adult,Acropora millepora,This study
s117_S152,adult,Acropora millepora,This study
s118_S153,adult,Acropora millepora,This study
s128_S162,adult,Acropora millepora,This study
s129_S163,adult,Acropora millepora,This study
s138_S172,adult,Acropora millepora,This study
s139_S173,adult,Acropora millepora,This study
s148_S182,adult,Acropora millepora,This study
s149_S183,adult,Acropora millepora,This study
s14_S52,adult,Acropora millepora,This study
s158_S192,adult,Acropora millepora,This study
s159_S193,adult,Acropora millepora,This study
s15_S53,adult,Acropora millepora,This study
s168_S202,adult,Acropora millepora,This study
s169_S203,adult,Acropora millepora,This study
s183_S212,adult,Acropora millepora,This study
s190_S213,adult,Acropora millepora,This study
s24_S62,adult,Acropora millepora,This study
s25_S63,adult,Acropora millepora,This study
s34_S72,adult,Acropora millepora,This study
s35_S73,adult,Acropora millepora,This study
s45_S82,adult,Acropora millepora,This study
s46_S83,adult,Acropora millepora,This study
s4_S42,adult,Acropora millepora,This study
s55_S92,adult,Acropora millepora,This study
s56_S93,adult,Acropora millepora,This study
s5_S43,adult,Acropora millepora,This study
s65_S102,adult,Acropora millepora,This study
s66_S103,adult,Acropora millepora,This study
s75_S112,adult,Acropora millepora,This study
s76_S113,adult,Acropora millepora,This study
s85_S122,adult,Acropora millepora,This study
s86_S123,adult,Acropora millepora,This study
s95_S132,adult,Acropora millepora,This study
s96_S133,adult,Acropora millepora,This study
SRR1015323,adult,Acropora cervicornis,PRJNA222758
SRR1206132,adult,Acropora hyacinthus complex sp. E JTL-2012,PRJNA242821
SRR1206133,adult,Acropora hyacinthus complex sp. E JTL-2012,PRJNA242821
SRR1653613,adult,Acropora aspera,PRJNA266455
SRR1812172,adult,Acropora hyacinthus,PRJNA274410
SRR1812173,adult,Acropora hyacinthus,PRJNA274410
SRR1812182,adult,Acropora hyacinthus,PRJNA274410
SRR1812183,adult,Acropora hyacinthus,PRJNA274410
SRR1812192,adult,Acropora hyacinthus,PRJNA274410
SRR1812193,adult,Acropora hyacinthus,PRJNA274410
SRR1812202,adult,Acropora hyacinthus,PRJNA274410
SRR1812203,adult,Acropora hyacinthus,PRJNA274410
SRR1812212,adult,Acropora hyacinthus,PRJNA274410
SRR1812213,adult,Acropora hyacinthus,PRJNA274410
SRR1812222,adult,Acropora hyacinthus,PRJNA274410
SRR1812223,adult,Acropora hyacinthus,PRJNA274410
SRR1812232,adult,Acropora hyacinthus,PRJNA274410
SRR1812233,adult,Acropora hyacinthus,PRJNA274410
SRR1812242,adult,Acropora hyacinthus,PRJNA274410
SRR1812243,adult,Acropora hyacinthus,PRJNA274410
SRR1812252,adult,Acropora hyacinthus,PRJNA274410
SRR1812253,adult,Acropora hyacinthus,PRJNA274410
SRR1812262,adult,Acropora hyacinthus,PRJNA274410
SRR1812263,adult,Acropora hyacinthus,PRJNA274410
SRR1812272,adult,Acropora hyacinthus,PRJNA274410
SRR1812273,adult,Acropora hyacinthus,PRJNA274410
SRR1812282,adult,Acropora hyacinthus,PRJNA274410
SRR1812283,adult,Acropora hyacinthus,PRJNA274410
SRR1812292,adult,Acropora hyacinthus,PRJNA274410
SRR1812293,adult,Acropora hyacinthus,PRJNA274410
SRR1812302,adult,Acropora hyacinthus,PRJNA274410
SRR1812303,adult,Acropora hyacinthus,PRJNA274410
SRR1812312,adult,Acropora hyacinthus,PRJNA274410
SRR1812313,adult,Acropora hyacinthus,PRJNA274410
SRR1842722,adult,Acropora millepora,PRJNA276913
SRR1842773,adult,Acropora millepora,PRJNA276913
SRR1853192,adult,Acropora millepora,PRJNA276913
SRR1853252,adult,Acropora millepora,PRJNA276913
SRR1853253,adult,Acropora millepora,PRJNA276913
SRR1929582,adult,Acropora millepora,PRJNA279192
SRR1929583,adult,Acropora millepora,PRJNA279192
SRR1929592,adult,Acropora millepora,PRJNA279192
SRR1929593,adult,Acropora millepora,PRJNA279192
SRR1929602,adult,Acropora millepora,PRJNA279192
SRR1929603,adult,Acropora millepora,PRJNA279192
SRR1929612,larva,Acropora millepora,PRJNA279192
SRR1929613,larva,Acropora millepora,PRJNA279192
SRR1929622,larva,Acropora millepora,PRJNA279192
SRR1929623,larva,Acropora millepora,PRJNA279192
SRR1929632,larva,Acropora millepora,PRJNA279192
SRR1929633,larva,Acropora millepora,PRJNA279192
SRR2086162,adult,Acropora millepora,PRJNA288809
SRR2912592,larva,Acropora millepora,PRJNA292574
SRR2912593,larva,Acropora millepora,PRJNA292574
SRR2912602,larva,Acropora millepora,PRJNA292574
SRR2912603,larva,Acropora millepora,PRJNA292574
SRR3106392,larva,Acropora digitifera,PRJNA309168
SRR3106393,larva,Acropora digitifera,PRJNA309168
SRR3169422,adult,Acropora gemmifera,PRJNA293100
SRR3169423,adult,Acropora gemmifera,PRJNA293100
SRR3169532,adult,Acropora gemmifera,PRJNA293100
SRR3169533,adult,Acropora gemmifera,PRJNA293100
SRR3182792,adult,Acropora gemmifera,PRJNA293100
SRR3182793,adult,Acropora gemmifera,PRJNA293100
SRR3316332,adult,Acropora digitifera,PRJNA316795
SRR3316333,adult,Acropora digitifera,PRJNA316795
SRR3316342,adult,Acropora digitifera,PRJNA316795
SRR3316343,adult,Acropora digitifera,PRJNA316795
SRR401853,recruit,Acropora millepora,PRJNA149513
SRR4029952,adult,Acropora hyacinthus,PRJNA338455
SRR4029953,adult,Acropora hyacinthus,PRJNA338455
SRR4029962,adult,Acropora hyacinthus,PRJNA338455
SRR4029963,adult,Acropora hyacinthus,PRJNA338455
SRR4029972,adult,Acropora hyacinthus,PRJNA338455
SRR4029973,adult,Acropora hyacinthus,PRJNA338455
SRR4029982,adult,Acropora hyacinthus,PRJNA338455
SRR4029983,adult,Acropora hyacinthus,PRJNA338455
SRR4029992,adult,Acropora hyacinthus,PRJNA338455
SRR4029993,adult,Acropora hyacinthus,PRJNA338455
SRR5190742,adult,Acropora millepora,PRJNA362652
SRR5190743,adult,Acropora millepora,PRJNA362652
SRR5190752,adult,Acropora millepora,PRJNA362652
SRR5190753,adult,Acropora millepora,PRJNA362652
SRR5190762,adult,Acropora millepora,PRJNA362652
SRR5190763,adult,Acropora millepora,PRJNA362652
SRR5190772,adult,Acropora millepora,PRJNA362652
SRR5190773,adult,Acropora millepora,PRJNA362652
SRR5190782,adult,Acropora millepora,PRJNA362652
SRR5190783,adult,Acropora millepora,PRJNA362652
SRR5190792,adult,Acropora millepora,PRJNA362652
SRR5190793,adult,Acropora millepora,PRJNA362652
SRR5343282,larva,Acropora millepora,PRJNA379147
SRR5343283,larva,Acropora millepora,PRJNA379147
SRR5343292,larva,Acropora millepora,PRJNA379147
SRR5343293,larva,Acropora millepora,PRJNA379147
SRR5343302,larva,Acropora millepora,PRJNA379147
SRR5343303,larva,Acropora millepora,PRJNA379147
SRR5343312,larva,Acropora millepora,PRJNA379147
SRR5343313,larva,Acropora millepora,PRJNA379147
SRR5343322,larva,Acropora millepora,PRJNA379147
SRR5343323,larva,Acropora millepora,PRJNA379147
SRR5362792,adult,Acropora hyacinthus,PRJNA379450
SRR5362793,adult,Acropora hyacinthus,PRJNA379450
SRR5362802,adult,Acropora hyacinthus,PRJNA379450
SRR5362803,adult,Acropora hyacinthus,PRJNA379450
SRR5362812,adult,Acropora hyacinthus,PRJNA379450
SRR5362813,adult,Acropora hyacinthus,PRJNA379450
SRR5362822,adult,Acropora hyacinthus,PRJNA379450
SRR5362823,adult,Acropora hyacinthus,PRJNA379450
SRR5367052,recruit,Acropora gemmifera,PRJNA380146
SRR5367053,recruit,Acropora gemmifera,PRJNA380146
SRR5367062,recruit,Acropora gemmifera,PRJNA380146
SRR5367063,recruit,Acropora gemmifera,PRJNA380146
SRR5374532,adult,Acropora millepora,PRJNA380267
SRR5374533,adult,Acropora millepora,PRJNA380267
SRR5374542,adult,Acropora millepora,PRJNA380267
SRR5374543,adult,Acropora millepora,PRJNA380267
SRR5374552,recruit,Acropora millepora,PRJNA380267
SRR5374553,recruit,Acropora millepora,PRJNA380267
SRR5374562,recruit,Acropora millepora,PRJNA380267
SRR5374563,recruit,Acropora millepora,PRJNA380267
SRR5378432,adult,Acropora millepora,PRJNA380267
SRR5569442,adult,Acropora palmata,PRJNA386795
SRR5569443,adult,Acropora palmata,PRJNA386795
SRR5934182,larva,Acropora digitifera,PRJNA398338
SRR5934183,larva,Acropora digitifera,PRJNA398338
SRR6064903,adult,Acropora hyacinthus,PRJNA411943
SRR6064912,adult,Acropora hyacinthus,PRJNA411943
SRR6064913,adult,Acropora hyacinthus,PRJNA411943
SRR6064922,adult,Acropora hyacinthus,PRJNA411943
SRR6064923,adult,Acropora hyacinthus,PRJNA411943
SRR6064932,adult,Acropora hyacinthus,PRJNA411943
SRR629092,adult,Acropora hyacinthus,PRJNA177515
SRR629093,adult,Acropora hyacinthus,PRJNA177515
SRR629132,adult,Acropora hyacinthus,PRJNA177515
SRR629133,adult,Acropora hyacinthus,PRJNA177515
SRR629152,adult,Acropora hyacinthus,PRJNA177515
SRR629153,adult,Acropora hyacinthus,PRJNA177515
SRR6396372,adult,Acropora cervicornis,PRJNA423227
SRR6396373,adult,Acropora cervicornis,PRJNA423227
SRR6396382,adult,Acropora cervicornis,PRJNA423227
SRR7347322,adult,Acropora tenuis,PRJNA476311
SRR7347323,adult,Acropora tenuis,PRJNA476311
SRR7347332,adult,Acropora tenuis,PRJNA476311
SRR7347333,adult,Acropora tenuis,PRJNA476311
SRR7347342,adult,Acropora tenuis,PRJNA476311
SRR7347343,adult,Acropora tenuis,PRJNA476311
SRR7347352,adult,Acropora tenuis,PRJNA476311
SRR7347353,adult,Acropora tenuis,PRJNA476311
SRR7347362,adult,Acropora tenuis,PRJNA476311
SRR7347363,adult,Acropora tenuis,PRJNA476311
SRR835882,adult,Acropora millepora,PRJNA200542
SRR835883,adult,Acropora millepora,PRJNA200542
SRR835892,adult,Acropora millepora,PRJNA200542
SRR835893,adult,Acropora millepora,PRJNA200542
DRR024474,embryo,Acropora digitifera,PRJDB3244
DRR024475,larva,Acropora digitifera,PRJDB3244
DRR054774,adult,Acropora tenuis,PRJDB4562
DRR054775,larva,Acropora tenuis,PRJDB4562
DRR055154,embryo,Acropora digitifera,PRJDB4579
DRR055155,embryo,Acropora digitifera,PRJDB4579
DRR108014,adult,Acropora digitifera,PRJDB6468
DRR108015,adult,Acropora digitifera,PRJDB6468
DRR119964,recruit,Acropora tenuis,PRJDB4715
DRR119965,recruit,Acropora tenuis,PRJDB4715
s108_S144,adult,Acropora millepora,This study
s110_S145,adult,Acropora millepora,This study
s119_S154,adult,Acropora millepora,This study
s120_S155,adult,Acropora millepora,This study
s130_S164,adult,Acropora millepora,This study
s131_S165,adult,Acropora millepora,This study
s140_S174,adult,Acropora millepora,This study
s141_S175,adult,Acropora millepora,This study
s150_S184,adult,Acropora millepora,This study
s151_S185,adult,Acropora millepora,This study
s160_S194,adult,Acropora millepora,This study
s161_S195,adult,Acropora millepora,This study
s16_S54,adult,Acropora millepora,This study
s170_S204,adult,Acropora millepora,This study
s171_S205,adult,Acropora millepora,This study
s17_S55,adult,Acropora millepora,This study
s191_S214,adult,Acropora millepora,This study
s192_S215,adult,Acropora millepora,This study
s26_S64,adult,Acropora millepora,This study
s27_S65,adult,Acropora millepora,This study
s47_S84,adult,Acropora millepora,This study
s48_S85,adult,Acropora millepora,This study
s57_S94,adult,Acropora millepora,This study
s58_S95,adult,Acropora millepora,This study
s67_S104,adult,Acropora millepora,This study
s68_S105,adult,Acropora millepora,This study
s6_S44,adult,Acropora millepora,This study
s77_S114,adult,Acropora millepora,This study
s78_S115,adult,Acropora millepora,This study
s7_S45,adult,Acropora millepora,This study
s87_S124,adult,Acropora millepora,This study
s88_S125,adult,Acropora millepora,This study
s97_S134,adult,Acropora millepora,This study
s98_S135,adult,Acropora millepora,This study
SRR1015325,adult,Acropora cervicornis,PRJNA222758
SRR1015344,adult,Acropora cervicornis,PRJNA222758
SRR1015354,adult,Acropora cervicornis,PRJNA222758
SRR1206134,adult,Acropora hyacinthus complex sp. E JTL-2012,PRJNA242821
SRR1206135,adult,Acropora hyacinthus complex sp. E JTL-2012,PRJNA242821
SRR1566164,recruit,Acropora millepora,PRJNA260269
SRR1566165,recruit,Acropora millepora,PRJNA260269
SRR1653615,adult,Acropora aspera,PRJNA266455
SRR1654664,adult,Acropora aspera,PRJNA266455
SRR1654665,adult,Acropora aspera,PRJNA266455
SRR1706955,adult,Acropora millepora,PRJNA269992
SRR1812174,adult,Acropora hyacinthus,PRJNA274410
SRR1812175,adult,Acropora hyacinthus,PRJNA274410
SRR1812184,adult,Acropora hyacinthus,PRJNA274410
SRR1812185,adult,Acropora hyacinthus,PRJNA274410
SRR1812194,adult,Acropora hyacinthus,PRJNA274410
SRR1812195,adult,Acropora hyacinthus,PRJNA274410
SRR1812204,adult,Acropora hyacinthus,PRJNA274410
SRR1812205,adult,Acropora hyacinthus,PRJNA274410
SRR1812214,adult,Acropora hyacinthus,PRJNA274410
SRR1812215,adult,Acropora hyacinthus,PRJNA274410
SRR1812224,adult,Acropora hyacinthus,PRJNA274410
SRR1812225,adult,Acropora hyacinthus,PRJNA274410
SRR1812234,adult,Acropora hyacinthus,PRJNA274410
SRR1812235,adult,Acropora hyacinthus,PRJNA274410
SRR1812244,adult,Acropora hyacinthus,PRJNA274410
SRR1812245,adult,Acropora hyacinthus,PRJNA274410
SRR1812254,adult,Acropora hyacinthus,PRJNA274410
SRR1812255,adult,Acropora hyacinthus,PRJNA274410
SRR1812264,adult,Acropora hyacinthus,PRJNA274410
SRR1812265,adult,Acropora hyacinthus,PRJNA274410
SRR1812274,adult,Acropora hyacinthus,PRJNA274410
SRR1812275,adult,Acropora hyacinthus,PRJNA274410
SRR1812284,adult,Acropora hyacinthus,PRJNA274410
SRR1812285,adult,Acropora hyacinthus,PRJNA274410
SRR1812294,adult,Acropora hyacinthus,PRJNA274410
SRR1812295,adult,Acropora hyacinthus,PRJNA274410
SRR1812304,adult,Acropora hyacinthus,PRJNA274410
SRR1812305,adult,Acropora hyacinthus,PRJNA274410
SRR1812314,adult,Acropora hyacinthus,PRJNA274410
SRR1812315,adult,Acropora hyacinthus,PRJNA274410
SRR1853185,adult,Acropora millepora,PRJNA276913
SRR1853195,adult,Acropora millepora,PRJNA276913
SRR1853204,adult,Acropora millepora,PRJNA276913
SRR1853254,adult,Acropora millepora,PRJNA276913
SRR1929584,adult,Acropora millepora,PRJNA279192
SRR1929585,adult,Acropora millepora,PRJNA279192
SRR1929594,adult,Acropora millepora,PRJNA279192
SRR1929595,adult,Acropora millepora,PRJNA279192
SRR1929604,adult,Acropora millepora,PRJNA279192
SRR1929605,larva,Acropora millepora,PRJNA279192
SRR1929614,larva,Acropora millepora,PRJNA279192
SRR1929615,larva,Acropora millepora,PRJNA279192
SRR1929624,larva,Acropora millepora,PRJNA279192
SRR1929625,larva,Acropora millepora,PRJNA279192
SRR1929634,larva,Acropora millepora,PRJNA279192
SRR2912594,larva,Acropora millepora,PRJNA292574
SRR2912595,larva,Acropora millepora,PRJNA292574
SRR2912604,larva,Acropora millepora,PRJNA292574
SRR2912605,larva,Acropora millepora,PRJNA292574
SRR3106384,larva,Acropora digitifera,PRJNA309168
SRR3106385,larva,Acropora digitifera,PRJNA309168
SRR3106394,larva,Acropora digitifera,PRJNA309168
SRR3106395,larva,Acropora digitifera,PRJNA309168
SRR3169425,adult,Acropora gemmifera,PRJNA293100
SRR3169534,adult,Acropora gemmifera,PRJNA293100
SRR3169535,adult,Acropora gemmifera,PRJNA293100
SRR3182684,adult,Acropora gemmifera,PRJNA293100
SRR3182685,adult,Acropora gemmifera,PRJNA293100
SRR3182775,adult,Acropora gemmifera,PRJNA293100
SRR3182784,adult,Acropora gemmifera,PRJNA293100
SRR3182785,adult,Acropora gemmifera,PRJNA293100
SRR3182794,adult,Acropora gemmifera,PRJNA293100
SRR3316334,adult,Acropora digitifera,PRJNA316795
SRR3316335,adult,Acropora digitifera,PRJNA316795
SRR401854,recruit,Acropora millepora,PRJNA149513
SRR401855,recruit,Acropora millepora,PRJNA149513
SRR4029954,adult,Acropora hyacinthus,PRJNA338455
SRR4029955,adult,Acropora hyacinthus,PRJNA338455
SRR4029964,adult,Acropora hyacinthus,PRJNA338455
SRR4029965,adult,Acropora hyacinthus,PRJNA338455
SRR4029974,adult,Acropora hyacinthus,PRJNA338455
SRR4029975,adult,Acropora hyacinthus,PRJNA338455
SRR4029984,adult,Acropora hyacinthus,PRJNA338455
SRR4029985,adult,Acropora hyacinthus,PRJNA338455
SRR4029994,adult,Acropora hyacinthus,PRJNA338455
SRR4029995,adult,Acropora hyacinthus,PRJNA338455
SRR5190744,adult,Acropora millepora,PRJNA362652
SRR5190745,adult,Acropora millepora,PRJNA362652
SRR5190754,adult,Acropora millepora,PRJNA362652
SRR5190755,adult,Acropora millepora,PRJNA362652
SRR5190764,adult,Acropora millepora,PRJNA362652
SRR5190765,adult,Acropora millepora,PRJNA362652
SRR5190774,adult,Acropora millepora,PRJNA362652
SRR5190775,adult,Acropora millepora,PRJNA362652
SRR5190784,adult,Acropora millepora,PRJNA362652
SRR5190785,adult,Acropora millepora,PRJNA362652
SRR5190794,adult,Acropora millepora,PRJNA362652
SRR5190795,adult,Acropora millepora,PRJNA362652
SRR5343284,larva,Acropora millepora,PRJNA379147
SRR5343285,larva,Acropora millepora,PRJNA379147
SRR5343294,larva,Acropora millepora,PRJNA379147
SRR5343295,larva,Acropora millepora,PRJNA379147
SRR5343304,larva,Acropora millepora,PRJNA379147
SRR5343305,larva,Acropora millepora,PRJNA379147
SRR5343314,larva,Acropora millepora,PRJNA379147
SRR5343315,larva,Acropora millepora,PRJNA379147
SRR5343324,larva,Acropora millepora,PRJNA379147
SRR5343325,larva,Acropora millepora,PRJNA379147
SRR5362794,adult,Acropora hyacinthus,PRJNA379450
SRR5362795,adult,Acropora hyacinthus,PRJNA379450
SRR5362804,adult,Acropora hyacinthus,PRJNA379450
SRR5362805,adult,Acropora hyacinthus,PRJNA379450
SRR5362814,adult,Acropora hyacinthus,PRJNA379450
SRR5362815,adult,Acropora hyacinthus,PRJNA379450
SRR5362824,adult,Acropora hyacinthus,PRJNA379450
SRR5362825,adult,Acropora hyacinthus,PRJNA379450
SRR5367054,recruit,Acropora gemmifera,PRJNA380146
SRR5367055,recruit,Acropora gemmifera,PRJNA380146
SRR5367064,recruit,Acropora gemmifera,PRJNA380146
SRR5367065,recruit,Acropora gemmifera,PRJNA380146
SRR5374534,adult,Acropora millepora,PRJNA380267
SRR5374535,adult,Acropora millepora,PRJNA380267
SRR5374544,adult,Acropora millepora,PRJNA380267
SRR5374545,adult,Acropora millepora,PRJNA380267
SRR5374554,recruit,Acropora millepora,PRJNA380267
SRR5374555,recruit,Acropora millepora,PRJNA380267
SRR5374564,recruit,Acropora millepora,PRJNA380267
SRR5374565,recruit,Acropora millepora,PRJNA380267
SRR5569435,adult,Acropora palmata,PRJNA386795
SRR5569444,adult,Acropora palmata,PRJNA386795
SRR5569445,adult,Acropora palmata,PRJNA386795
SRR5934175,larva,Acropora digitifera,PRJNA398338
SRR5934184,larva,Acropora digitifera,PRJNA398338
SRR5934185,larva,Acropora digitifera,PRJNA398338
SRR6064904,adult,Acropora hyacinthus,PRJNA411943
SRR6064905,adult,Acropora hyacinthus,PRJNA411943
SRR6064914,adult,Acropora hyacinthus,PRJNA411943
SRR6064915,adult,Acropora hyacinthus,PRJNA411943
SRR6064924,adult,Acropora hyacinthus,PRJNA411943
SRR6064925,adult,Acropora hyacinthus,PRJNA411943
SRR629094,adult,Acropora hyacinthus,PRJNA177515
SRR629095,adult,Acropora hyacinthus,PRJNA177515
SRR629134,adult,Acropora hyacinthus,PRJNA177515
SRR629135,adult,Acropora hyacinthus,PRJNA177515
SRR629154,adult,Acropora hyacinthus,PRJNA177515
SRR629155,adult,Acropora hyacinthus,PRJNA177515
SRR6396374,adult,Acropora cervicornis,PRJNA423227
SRR6396375,adult,Acropora cervicornis,PRJNA423227
SRR7347324,adult,Acropora tenuis,PRJNA476311
SRR7347325,adult,Acropora tenuis,PRJNA476311
SRR7347334,adult,Acropora tenuis,PRJNA476311
SRR7347335,adult,Acropora tenuis,PRJNA476311
SRR7347344,adult,Acropora tenuis,PRJNA476311
SRR7347345,adult,Acropora tenuis,PRJNA476311
SRR7347354,adult,Acropora tenuis,PRJNA476311
SRR7347355,adult,Acropora tenuis,PRJNA476311
SRR835875,adult,Acropora millepora,PRJNA200542
SRR835884,adult,Acropora millepora,PRJNA200542
SRR835885,adult,Acropora millepora,PRJNA200542
SRR835894,adult,Acropora millepora,PRJNA200542
SRR835895,adult,Acropora millepora,PRJNA200542
DRR024466,adult,Acropora digitifera,PRJDB3244
DRR024467,adult,Acropora digitifera,PRJDB3244
DRR024476,larva,Acropora digitifera,PRJDB3244
DRR024477,larva,Acropora digitifera,PRJDB3244
DRR055156,embryo,Acropora digitifera,PRJDB4579
DRR055157,embryo,Acropora digitifera,PRJDB4579
DRR108016,adult,Acropora digitifera,PRJDB6468
DRR108017,adult,Acropora digitifera,PRJDB6468
DRR119956,recruit,Acropora tenuis,PRJDB4715
DRR119957,recruit,Acropora tenuis,PRJDB4715
DRR119966,recruit,Acropora tenuis,PRJDB4715
DRR119967,recruit,Acropora tenuis,PRJDB4715
s100_S137,adult,Acropora millepora,This study
s111_S146,adult,Acropora millepora,This study
s112_S147,adult,Acropora millepora,This study
s121_S156,adult,Acropora millepora,This study
s122_S157,adult,Acropora millepora,This study
s132_S166,adult,Acropora millepora,This study
s133_S167,adult,Acropora millepora,This study
s142_S176,adult,Acropora millepora,This study
s143_S177,adult,Acropora millepora,This study
s152_S186,adult,Acropora millepora,This study
s153_S187,adult,Acropora millepora,This study
s162_S196,adult,Acropora millepora,This study
s163_S197,adult,Acropora millepora,This study
s172_S206,adult,Acropora millepora,This study
s173_S207,adult,Acropora millepora,This study
s18_S56,adult,Acropora millepora,This study
s19_S57,adult,Acropora millepora,This study
s28_S66,adult,Acropora millepora,This study
s29_S67,adult,Acropora millepora,This study
s49_S86,adult,Acropora millepora,This study
s50_S87,adult,Acropora millepora,This study
s59_S96,adult,Acropora millepora,This study
s60_S97,adult,Acropora millepora,This study
s69_S106,adult,Acropora millepora,This study
s70_S107,adult,Acropora millepora,This study
s79_S116,adult,Acropora millepora,This study
s80_S117,adult,Acropora millepora,This study
s89_S126,adult,Acropora millepora,This study
s8_S46,adult,Acropora millepora,This study
s90_S127,adult,Acropora millepora,This study
s99_S136,adult,Acropora millepora,This study
s9_S47,adult,Acropora millepora,This study
SRR1015327,adult,Acropora cervicornis,PRJNA222758
SRR1206126,adult,Acropora hyacinthus complex sp. E JTL-2012,PRJNA242821
SRR1206127,adult,Acropora hyacinthus complex sp. E JTL-2012,PRJNA242821
SRR1206136,adult,Acropora hyacinthus complex sp. E JTL-2012,PRJNA242821
SRR1206137,adult,Acropora hyacinthus complex sp. E JTL-2012,PRJNA242821
SRR1566166,recruit,Acropora millepora,PRJNA260269
SRR1566167,recruit,Acropora millepora,PRJNA260269
SRR1703716,adult,Acropora millepora,PRJNA269992
SRR1703717,adult,Acropora millepora,PRJNA269992
SRR1812166,adult,Acropora hyacinthus,PRJNA274410
SRR1812167,adult,Acropora hyacinthus,PRJNA274410
SRR1812176,adult,Acropora hyacinthus,PRJNA274410
SRR1812177,adult,Acropora hyacinthus,PRJNA274410
SRR1812186,adult,Acropora hyacinthus,PRJNA274410
SRR1812187,adult,Acropora hyacinthus,PRJNA274410
SRR1812196,adult,Acropora hyacinthus,PRJNA274410
SRR1812197,adult,Acropora hyacinthus,PRJNA274410
SRR1812206,adult,Acropora hyacinthus,PRJNA274410
SRR1812207,adult,Acropora hyacinthus,PRJNA274410
SRR1812216,adult,Acropora hyacinthus,PRJNA274410
SRR1812217,adult,Acropora hyacinthus,PRJNA274410
SRR1812226,adult,Acropora hyacinthus,PRJNA274410
SRR1812227,adult,Acropora hyacinthus,PRJNA274410
SRR1812236,adult,Acropora hyacinthus,PRJNA274410
SRR1812237,adult,Acropora hyacinthus,PRJNA274410
SRR1812246,adult,Acropora hyacinthus,PRJNA274410
SRR1812247,adult,Acropora hyacinthus,PRJNA274410
SRR1812256,adult,Acropora hyacinthus,PRJNA274410
SRR1812257,adult,Acropora hyacinthus,PRJNA274410
SRR1812266,adult,Acropora hyacinthus,PRJNA274410
SRR1812267,adult,Acropora hyacinthus,PRJNA274410
SRR1812276,adult,Acropora hyacinthus,PRJNA274410
SRR1812277,adult,Acropora hyacinthus,PRJNA274410
SRR1812286,adult,Acropora hyacinthus,PRJNA274410
SRR1812287,adult,Acropora hyacinthus,PRJNA274410
SRR1812296,adult,Acropora hyacinthus,PRJNA274410
SRR1812297,adult,Acropora hyacinthus,PRJNA274410
SRR1812306,adult,Acropora hyacinthus,PRJNA274410
SRR1812307,adult,Acropora hyacinthus,PRJNA274410
SRR1812316,adult,Acropora hyacinthus,PRJNA274410
SRR1812317,adult,Acropora hyacinthus,PRJNA274410
SRR1842776,adult,Acropora millepora,PRJNA276913
SRR1842777,adult,Acropora millepora,PRJNA276913
SRR1843797,gamete,Acropora millepora,PRJNA276913
SRR1853176,adult,Acropora millepora,PRJNA276913
SRR1853246,adult,Acropora millepora,PRJNA276913
SRR1853247,adult,Acropora millepora,PRJNA276913
SRR1929586,adult,Acropora millepora,PRJNA279192
SRR1929587,adult,Acropora millepora,PRJNA279192
SRR1929596,adult,Acropora millepora,PRJNA279192
SRR1929597,adult,Acropora millepora,PRJNA279192
SRR1929606,larva,Acropora millepora,PRJNA279192
SRR1929607,larva,Acropora millepora,PRJNA279192
SRR1929616,larva,Acropora millepora,PRJNA279192
SRR1929617,larva,Acropora millepora,PRJNA279192
SRR1929626,larva,Acropora millepora,PRJNA279192
SRR1929627,larva,Acropora millepora,PRJNA279192
SRR2086157,adult,Acropora millepora,PRJNA288809
SRR2912596,larva,Acropora millepora,PRJNA292574
SRR2912597,larva,Acropora millepora,PRJNA292574
SRR2912606,larva,Acropora millepora,PRJNA292574
SRR2912607,larva,Acropora millepora,PRJNA292574
SRR3095777,adult,Acropora aculeus,PRJNA308355
SRR3106386,larva,Acropora digitifera,PRJNA309168
SRR3106387,larva,Acropora digitifera,PRJNA309168
SRR3106396,larva,Acropora digitifera,PRJNA309168
SRR3106397,larva,Acropora digitifera,PRJNA309168
SRR3169426,adult,Acropora gemmifera,PRJNA293100
SRR3169527,adult,Acropora gemmifera,PRJNA293100
SRR3169536,adult,Acropora gemmifera,PRJNA293100
SRR3169537,adult,Acropora gemmifera,PRJNA293100
SRR3182557,adult,Acropora gemmifera,PRJNA293100
SRR3182686,adult,Acropora gemmifera,PRJNA293100
SRR3182776,adult,Acropora gemmifera,PRJNA293100
SRR3182777,adult,Acropora gemmifera,PRJNA293100
SRR3182786,adult,Acropora gemmifera,PRJNA293100
SRR3182787,adult,Acropora gemmifera,PRJNA293100
SRR3316336,adult,Acropora digitifera,PRJNA316795
SRR3316337,adult,Acropora digitifera,PRJNA316795
SRR401856,recruit,Acropora millepora,PRJNA149513
SRR401857,recruit,Acropora millepora,PRJNA149513
SRR4029956,adult,Acropora hyacinthus,PRJNA338455
SRR4029957,adult,Acropora hyacinthus,PRJNA338455
SRR4029966,adult,Acropora hyacinthus,PRJNA338455
SRR4029967,adult,Acropora hyacinthus,PRJNA338455
SRR4029976,adult,Acropora hyacinthus,PRJNA338455
SRR4029977,adult,Acropora hyacinthus,PRJNA338455
SRR4029986,adult,Acropora hyacinthus,PRJNA338455
SRR4029987,adult,Acropora hyacinthus,PRJNA338455
SRR4029996,adult,Acropora hyacinthus,PRJNA338455
SRR4029997,adult,Acropora hyacinthus,PRJNA338455
SRR5190737,adult,Acropora millepora,PRJNA362652
SRR5190746,adult,Acropora millepora,PRJNA362652
SRR5190747,adult,Acropora millepora,PRJNA362652
SRR5190756,adult,Acropora millepora,PRJNA362652
SRR5190757,adult,Acropora millepora,PRJNA362652
SRR5190766,adult,Acropora millepora,PRJNA362652
SRR5190767,adult,Acropora millepora,PRJNA362652
SRR5190776,adult,Acropora millepora,PRJNA362652
SRR5190777,adult,Acropora millepora,PRJNA362652
SRR5190786,adult,Acropora millepora,PRJNA362652
SRR5190787,adult,Acropora millepora,PRJNA362652
SRR5236067,adult,Acropora digitifera,PRJNA298496
SRR5343286,larva,Acropora millepora,PRJNA379147
SRR5343287,larva,Acropora millepora,PRJNA379147
SRR5343296,larva,Acropora millepora,PRJNA379147
SRR5343297,larva,Acropora millepora,PRJNA379147
SRR5343306,larva,Acropora millepora,PRJNA379147
SRR5343307,larva,Acropora millepora,PRJNA379147
SRR5343316,larva,Acropora millepora,PRJNA379147
SRR5343317,larva,Acropora millepora,PRJNA379147
SRR5343326,larva,Acropora millepora,PRJNA379147
SRR5343327,larva,Acropora millepora,PRJNA379147
SRR5362796,adult,Acropora hyacinthus,PRJNA379450
SRR5362797,adult,Acropora hyacinthus,PRJNA379450
SRR5362806,adult,Acropora hyacinthus,PRJNA379450
SRR5362807,adult,Acropora hyacinthus,PRJNA379450
SRR5362816,adult,Acropora hyacinthus,PRJNA379450
SRR5362817,adult,Acropora hyacinthus,PRJNA379450
SRR5362826,adult,Acropora hyacinthus,PRJNA379450
SRR5362827,adult,Acropora hyacinthus,PRJNA379450
SRR5367056,recruit,Acropora gemmifera,PRJNA380146
SRR5367057,recruit,Acropora gemmifera,PRJNA380146
SRR5367066,recruit,Acropora gemmifera,PRJNA380146
SRR5367067,recruit,Acropora gemmifera,PRJNA380146
SRR5374536,adult,Acropora millepora,PRJNA380267
SRR5374537,adult,Acropora millepora,PRJNA380267
SRR5374546,adult,Acropora millepora,PRJNA380267
SRR5374547,recruit,Acropora millepora,PRJNA380267
SRR5374556,recruit,Acropora millepora,PRJNA380267
SRR5374557,recruit,Acropora millepora,PRJNA380267
SRR5374566,recruit,Acropora millepora,PRJNA380267
SRR5374567,recruit,Acropora millepora,PRJNA380267
SRR5569436,adult,Acropora palmata,PRJNA386795
SRR5569437,adult,Acropora palmata,PRJNA386795
SRR5569446,adult,Acropora palmata,PRJNA386795
SRR5569447,adult,Acropora palmata,PRJNA386795
SRR5934176,larva,Acropora digitifera,PRJNA398338
SRR5934177,larva,Acropora digitifera,PRJNA398338
SRR5934186,larva,Acropora digitifera,PRJNA398338
SRR5934187,larva,Acropora digitifera,PRJNA398338
SRR6064906,adult,Acropora hyacinthus,PRJNA411943
SRR6064907,adult,Acropora hyacinthus,PRJNA411943
SRR6064916,adult,Acropora hyacinthus,PRJNA411943
SRR6064917,adult,Acropora hyacinthus,PRJNA411943
SRR6064926,adult,Acropora hyacinthus,PRJNA411943
SRR6064927,adult,Acropora hyacinthus,PRJNA411943
SRR629096,adult,Acropora hyacinthus,PRJNA177515
SRR629126,adult,Acropora hyacinthus,PRJNA177515
SRR629127,adult,Acropora hyacinthus,PRJNA177515
SRR629136,adult,Acropora hyacinthus,PRJNA177515
SRR629156,adult,Acropora hyacinthus,PRJNA177515
SRR629157,adult,Acropora hyacinthus,PRJNA177515
SRR6396376,adult,Acropora cervicornis,PRJNA423227
SRR6396377,adult,Acropora cervicornis,PRJNA423227
SRR7347326,adult,Acropora tenuis,PRJNA476311
SRR7347327,adult,Acropora tenuis,PRJNA476311
SRR7347336,adult,Acropora tenuis,PRJNA476311
SRR7347337,adult,Acropora tenuis,PRJNA476311
SRR7347346,adult,Acropora tenuis,PRJNA476311
SRR7347347,adult,Acropora tenuis,PRJNA476311
SRR7347356,adult,Acropora tenuis,PRJNA476311
SRR7347357,adult,Acropora tenuis,PRJNA476311
SRR835876,adult,Acropora millepora,PRJNA200542
SRR835877,adult,Acropora millepora,PRJNA200542
SRR835886,adult,Acropora millepora,PRJNA200542
SRR835887,adult,Acropora millepora,PRJNA200542
SRR835896,adult,Acropora millepora,PRJNA200542
DRR024468,adult,Acropora digitifera,PRJDB3244
DRR024469,embryo,Acropora digitifera,PRJDB3244
DRR024478,embryo,Acropora digitifera,PRJDB3244
DRR024479,embryo,Acropora digitifera,PRJDB3244
DRR108018,adult,Acropora digitifera,PRJDB6468
DRR108019,adult,Acropora digitifera,PRJDB6468
DRR119958,recruit,Acropora tenuis,PRJDB4715
DRR119959,recruit,Acropora tenuis,PRJDB4715
s101_S138,adult,Acropora millepora,This study
s102_S139,adult,Acropora millepora,This study
s10_S48,adult,Acropora millepora,This study
s113_S148,adult,Acropora millepora,This study
s114_S149,adult,Acropora millepora,This study
s11_S49,adult,Acropora millepora,This study
s123_S158,adult,Acropora millepora,This study
s125_S159,adult,Acropora millepora,This study
s134_S168,adult,Acropora millepora,This study
s135_S169,adult,Acropora millepora,This study
s144_S178,adult,Acropora millepora,This study
s145_S179,adult,Acropora millepora,This study
s154_S188,adult,Acropora millepora,This study
s155_S189,adult,Acropora millepora,This study
s164_S198,adult,Acropora millepora,This study
s165_S199,adult,Acropora millepora,This study
s176_S208,adult,Acropora millepora,This study
s177_S209,adult,Acropora millepora,This study
s1_S39,adult,Acropora millepora,This study
s20_S58,adult,Acropora millepora,This study
s21_S59,adult,Acropora millepora,This study
s30_S68,adult,Acropora millepora,This study
s31_S69,adult,Acropora millepora,This study
s42_S79,adult,Acropora millepora,This study
s51_S88,adult,Acropora millepora,This study
s52_S89,adult,Acropora millepora,This study
s61_S98,adult,Acropora millepora,This study
s62_S99,adult,Acropora millepora,This study
s71_S108,adult,Acropora millepora,This study
s72_S109,adult,Acropora millepora,This study
s81_S118,adult,Acropora millepora,This study
s82_S119,adult,Acropora millepora,This study
s91_S128,adult,Acropora millepora,This study
s92_S129,adult,Acropora millepora,This study
SRR1015298,adult,Acropora cervicornis,PRJNA222758
SRR1015349,adult,Acropora cervicornis,PRJNA222758
SRR1015358,adult,Acropora cervicornis,PRJNA222758
SRR1206128,adult,Acropora hyacinthus complex sp. E JTL-2012,PRJNA242821
SRR1206129,adult,Acropora hyacinthus complex sp. E JTL-2012,PRJNA242821
SRR1566168,recruit,Acropora millepora,PRJNA260269
SRR1566169,recruit,Acropora millepora,PRJNA260269
SRR1653608,adult,Acropora aspera,PRJNA266455
SRR1703718,adult,Acropora millepora,PRJNA269992
SRR1812168,adult,Acropora hyacinthus,PRJNA274410
SRR1812169,adult,Acropora hyacinthus,PRJNA274410
SRR1812178,adult,Acropora hyacinthus,PRJNA274410
SRR1812179,adult,Acropora hyacinthus,PRJNA274410
SRR1812188,adult,Acropora hyacinthus,PRJNA274410
SRR1812189,adult,Acropora hyacinthus,PRJNA274410
SRR1812198,adult,Acropora hyacinthus,PRJNA274410
SRR1812199,adult,Acropora hyacinthus,PRJNA274410
SRR1812208,adult,Acropora hyacinthus,PRJNA274410
SRR1812209,adult,Acropora hyacinthus,PRJNA274410
SRR1812218,adult,Acropora hyacinthus,PRJNA274410
SRR1812219,adult,Acropora hyacinthus,PRJNA274410
SRR1812228,adult,Acropora hyacinthus,PRJNA274410
SRR1812229,adult,Acropora hyacinthus,PRJNA274410
SRR1812238,adult,Acropora hyacinthus,PRJNA274410
SRR1812239,adult,Acropora hyacinthus,PRJNA274410
SRR1812248,adult,Acropora hyacinthus,PRJNA274410
SRR1812249,adult,Acropora hyacinthus,PRJNA274410
SRR1812258,adult,Acropora hyacinthus,PRJNA274410
SRR1812259,adult,Acropora hyacinthus,PRJNA274410
SRR1812268,adult,Acropora hyacinthus,PRJNA274410
SRR1812269,adult,Acropora hyacinthus,PRJNA274410
SRR1812278,adult,Acropora hyacinthus,PRJNA274410
SRR1812279,adult,Acropora hyacinthus,PRJNA274410
SRR1812288,adult,Acropora hyacinthus,PRJNA274410
SRR1812289,adult,Acropora hyacinthus,PRJNA274410
SRR1812298,adult,Acropora hyacinthus,PRJNA274410
SRR1812299,adult,Acropora hyacinthus,PRJNA274410
SRR1812308,adult,Acropora hyacinthus,PRJNA274410
SRR1812309,adult,Acropora hyacinthus,PRJNA274410
SRR1842828,adult,Acropora millepora,PRJNA276913
SRR1853188,adult,Acropora millepora,PRJNA276913
SRR1853198,adult,Acropora millepora,PRJNA276913
SRR1853208,adult,Acropora millepora,PRJNA276913
SRR1853209,adult,Acropora millepora,PRJNA276913
SRR1853248,adult,Acropora millepora,PRJNA276913
SRR1853249,adult,Acropora millepora,PRJNA276913
SRR1929588,adult,Acropora millepora,PRJNA279192
SRR1929589,adult,Acropora millepora,PRJNA279192
SRR1929598,adult,Acropora millepora,PRJNA279192
SRR1929599,adult,Acropora millepora,PRJNA279192
SRR1929608,larva,Acropora millepora,PRJNA279192
SRR1929609,larva,Acropora millepora,PRJNA279192
SRR1929618,larva,Acropora millepora,PRJNA279192
SRR1929619,larva,Acropora millepora,PRJNA279192
SRR1929628,larva,Acropora millepora,PRJNA279192
SRR1929629,larva,Acropora millepora,PRJNA279192
SRR2086158,adult,Acropora millepora,PRJNA288809
SRR2086159,adult,Acropora millepora,PRJNA288809
SRR2912598,larva,Acropora millepora,PRJNA292574
SRR2912599,larva,Acropora millepora,PRJNA292574
SRR3095778,adult,Acropora aculeus,PRJNA308355
SRR3095779,adult,Acropora aculeus,PRJNA308355
SRR3106388,larva,Acropora digitifera,PRJNA309168
SRR3106389,larva,Acropora digitifera,PRJNA309168
SRR3106398,larva,Acropora digitifera,PRJNA309168
SRR3106399,larva,Acropora digitifera,PRJNA309168
SRR3169518,adult,Acropora gemmifera,PRJNA293100
SRR3169528,adult,Acropora gemmifera,PRJNA293100
SRR3169529,adult,Acropora gemmifera,PRJNA293100
SRR3169538,adult,Acropora gemmifera,PRJNA293100
SRR3169539,adult,Acropora gemmifera,PRJNA293100
SRR3182448,adult,Acropora gemmifera,PRJNA293100
SRR3182778,adult,Acropora gemmifera,PRJNA293100
SRR3182779,adult,Acropora gemmifera,PRJNA293100
SRR3182788,adult,Acropora gemmifera,PRJNA293100
SRR3182789,adult,Acropora gemmifera,PRJNA293100
SRR3316338,gamete,Acropora digitifera,PRJNA316795
SRR3316339,adult,Acropora digitifera,PRJNA316795
SRR401858,recruit,Acropora millepora,PRJNA149513
SRR401859,recruit,Acropora millepora,PRJNA149513
SRR4029958,adult,Acropora hyacinthus,PRJNA338455
SRR4029959,adult,Acropora hyacinthus,PRJNA338455
SRR4029968,adult,Acropora hyacinthus,PRJNA338455
SRR4029969,adult,Acropora hyacinthus,PRJNA338455
SRR4029978,adult,Acropora hyacinthus,PRJNA338455
SRR4029979,adult,Acropora hyacinthus,PRJNA338455
SRR4029988,adult,Acropora hyacinthus,PRJNA338455
SRR4029989,adult,Acropora hyacinthus,PRJNA338455
SRR4029998,adult,Acropora hyacinthus,PRJNA338455
SRR4029999,adult,Acropora hyacinthus,PRJNA338455
SRR5190738,adult,Acropora millepora,PRJNA362652
SRR5190739,adult,Acropora millepora,PRJNA362652
SRR5190748,adult,Acropora millepora,PRJNA362652
SRR5190749,adult,Acropora millepora,PRJNA362652
SRR5190758,adult,Acropora millepora,PRJNA362652
SRR5190759,adult,Acropora millepora,PRJNA362652
SRR5190768,adult,Acropora millepora,PRJNA362652
SRR5190769,adult,Acropora millepora,PRJNA362652
SRR5190778,adult,Acropora millepora,PRJNA362652
SRR5190779,adult,Acropora millepora,PRJNA362652
SRR5190788,adult,Acropora millepora,PRJNA362652
SRR5190789,adult,Acropora millepora,PRJNA362652
SRR5236068,adult,Acropora digitifera,PRJNA298496
SRR5236069,adult,Acropora digitifera,PRJNA298496
SRR5343288,larva,Acropora millepora,PRJNA379147
SRR5343289,larva,Acropora millepora,PRJNA379147
SRR5343298,larva,Acropora millepora,PRJNA379147
SRR5343299,larva,Acropora millepora,PRJNA379147
SRR5343308,larva,Acropora millepora,PRJNA379147
SRR5343309,larva,Acropora millepora,PRJNA379147
SRR5343318,larva,Acropora millepora,PRJNA379147
SRR5343319,larva,Acropora millepora,PRJNA379147
SRR5343328,larva,Acropora millepora,PRJNA379147
SRR5362798,adult,Acropora hyacinthus,PRJNA379450
SRR5362799,adult,Acropora hyacinthus,PRJNA379450
SRR5362808,adult,Acropora hyacinthus,PRJNA379450
SRR5362809,adult,Acropora hyacinthus,PRJNA379450
SRR5362818,adult,Acropora hyacinthus,PRJNA379450
SRR5362819,adult,Acropora hyacinthus,PRJNA379450
SRR5362828,adult,Acropora hyacinthus,PRJNA379450
SRR5367058,recruit,Acropora gemmifera,PRJNA380146
SRR5367059,recruit,Acropora gemmifera,PRJNA380146
SRR5374529,adult,Acropora millepora,PRJNA380267
SRR5374538,adult,Acropora millepora,PRJNA380267
SRR5374539,adult,Acropora millepora,PRJNA380267
SRR5374548,recruit,Acropora millepora,PRJNA380267
SRR5374549,recruit,Acropora millepora,PRJNA380267
SRR5374558,recruit,Acropora millepora,PRJNA380267
SRR5374559,recruit,Acropora millepora,PRJNA380267
SRR5374568,recruit,Acropora millepora,PRJNA380267
SRR5374569,recruit,Acropora millepora,PRJNA380267
SRR5378429,adult,Acropora millepora,PRJNA380267
SRR5569438,adult,Acropora palmata,PRJNA386795
SRR5569439,adult,Acropora palmata,PRJNA386795
SRR5569448,adult,Acropora palmata,PRJNA386795
SRR5569449,adult,Acropora palmata,PRJNA386795
SRR5934178,larva,Acropora digitifera,PRJNA398338
SRR5934179,larva,Acropora digitifera,PRJNA398338
SRR5934188,larva,Acropora digitifera,PRJNA398338
SRR5934189,larva,Acropora digitifera,PRJNA398338
SRR6064908,adult,Acropora hyacinthus,PRJNA411943
SRR6064909,adult,Acropora hyacinthus,PRJNA411943
SRR6064918,adult,Acropora hyacinthus,PRJNA411943
SRR6064919,adult,Acropora hyacinthus,PRJNA411943
SRR6064928,adult,Acropora hyacinthus,PRJNA411943
SRR6064929,adult,Acropora hyacinthus,PRJNA411943
SRR629089,adult,Acropora hyacinthus,PRJNA177515
SRR629128,adult,Acropora hyacinthus,PRJNA177515
SRR629129,adult,Acropora hyacinthus,PRJNA177515
SRR629158,adult,Acropora hyacinthus,PRJNA177515
SRR629159,adult,Acropora hyacinthus,PRJNA177515
SRR6396378,adult,Acropora cervicornis,PRJNA423227
SRR6396379,adult,Acropora cervicornis,PRJNA423227
SRR7347328,adult,Acropora tenuis,PRJNA476311
SRR7347329,adult,Acropora tenuis,PRJNA476311
SRR7347338,adult,Acropora tenuis,PRJNA476311
SRR7347339,adult,Acropora tenuis,PRJNA476311
SRR7347348,adult,Acropora tenuis,PRJNA476311
SRR7347349,adult,Acropora tenuis,PRJNA476311
SRR7347358,adult,Acropora tenuis,PRJNA476311
SRR7347359,adult,Acropora tenuis,PRJNA476311
SRR835878,adult,Acropora millepora,PRJNA200542
SRR835879,adult,Acropora millepora,PRJNA200542
SRR835888,adult,Acropora millepora,PRJNA200542
SRR835889,adult,Acropora millepora,PRJNA200542
SRR3622488,adult,Acropora millepora,PRJNA319662
SRR3622490,adult,Acropora millepora,PRJNA319662
SRR3622491,adult,Acropora millepora,PRJNA319662
SRR3622493,adult,Acropora millepora,PRJNA319662
SRR3622496,adult,Acropora millepora,PRJNA319662
SRR3622499,adult,Acropora millepora,PRJNA319662
SRR3622503,adult,Acropora millepora,PRJNA319662
SRR3622506,adult,Acropora millepora,PRJNA319662
SRR3622509,adult,Acropora millepora,PRJNA319662
SRR3622512,adult,Acropora millepora,PRJNA319662
SRR3622513,adult,Acropora millepora,PRJNA319662
SRR3622516,adult,Acropora millepora,PRJNA319662
SRR3622519,adult,Acropora millepora,PRJNA319662
SRR3622522,adult,Acropora millepora,PRJNA319662
SRR3622526,adult,Acropora millepora,PRJNA319662
SRR3622529,adult,Acropora millepora,PRJNA319662
SRR3622532,adult,Acropora millepora,PRJNA319662
SRR3622536,adult,Acropora millepora,PRJNA319662
SRR3622539,adult,Acropora millepora,PRJNA319662
SRR3622542,adult,Acropora millepora,PRJNA319662
SRR3622546,adult,Acropora millepora,PRJNA319662
SRR3622545,adult,Acropora millepora,PRJNA319662
SRR3622549,adult,Acropora millepora,PRJNA319662
SRR3622553,adult,Acropora millepora,PRJNA319662
SRR3622555,adult,Acropora millepora,PRJNA319662
SRR3622559,adult,Acropora millepora,PRJNA319662
SRR3622578,adult,Acropora millepora,PRJNA319662
SRR3622588,adult,Acropora millepora,PRJNA319662
SRR3622592,adult,Acropora millepora,PRJNA319662
SRR3622595,adult,Acropora millepora,PRJNA319662
SRR3622598,adult,Acropora millepora,PRJNA319662
SRR3622603,adult,Acropora millepora,PRJNA319662
SRR3622606,adult,Acropora millepora,PRJNA319662
SRR3622609,adult,Acropora millepora,PRJNA319662
SRR3622612,adult,Acropora millepora,PRJNA319662
SRR3622613,adult,Acropora millepora,PRJNA319662
SRR3622616,adult,Acropora millepora,PRJNA319662
SRR3622619,adult,Acropora millepora,PRJNA319662
SRR3622622,adult,Acropora millepora,PRJNA319662
SRR3622626,adult,Acropora millepora,PRJNA319662
SRR3622629,adult,Acropora millepora,PRJNA319662
SRR3622632,adult,Acropora millepora,PRJNA319662
SRR3622636,adult,Acropora millepora,PRJNA319662
SRR3622639,adult,Acropora millepora,PRJNA319662
SRR3622642,adult,Acropora millepora,PRJNA319662
SRR3622645,adult,Acropora millepora,PRJNA319662
SRR3622646,adult,Acropora millepora,PRJNA319662
SRR3622649,adult,Acropora millepora,PRJNA319662
SRR3622652,adult,Acropora millepora,PRJNA319662
SRR3622655,adult,Acropora millepora,PRJNA319662
SRR3622659,adult,Acropora millepora,PRJNA319662
SRR3622662,adult,Acropora millepora,PRJNA319662
SRR3622666,adult,Acropora millepora,PRJNA319662
SRR3622669,adult,Acropora millepora,PRJNA319662
SRR3622672,adult,Acropora millepora,PRJNA319662
SRR3622676,adult,Acropora millepora,PRJNA319662
SRR3622678,adult,Acropora millepora,PRJNA319662
SRR3622680,adult,Acropora millepora,PRJNA319662
SRR3622682,adult,Acropora millepora,PRJNA319662
SRR3622685,adult,Acropora millepora,PRJNA319662
SRR3622688,adult,Acropora millepora,PRJNA319662
SRR3622692,adult,Acropora millepora,PRJNA319662
SRR3622695,adult,Acropora millepora,PRJNA319662
SRR3622698,adult,Acropora millepora,PRJNA319662
SRR3622702,adult,Acropora millepora,PRJNA319662
SRR3622705,adult,Acropora millepora,PRJNA319662
SRR3622708,adult,Acropora millepora,PRJNA319662
SRR3622711,adult,Acropora millepora,PRJNA319662
SRR3622712,adult,Acropora millepora,PRJNA319662
SRR3622713,adult,Acropora millepora,PRJNA319662
SRR3622717,adult,Acropora millepora,PRJNA319662
SRR3622719,adult,Acropora millepora,PRJNA319662
SRR3622722,adult,Acropora millepora,PRJNA319662
SRR3622726,adult,Acropora millepora,PRJNA319662
SRR3622729,adult,Acropora millepora,PRJNA319662
SRR3622732,adult,Acropora millepora,PRJNA319662
SRR3622736,adult,Acropora millepora,PRJNA319662
SRR3622739,adult,Acropora millepora,PRJNA319662
SRR3622742,adult,Acropora millepora,PRJNA319662
SRR3622745,adult,Acropora millepora,PRJNA319662
SRR3622746,adult,Acropora millepora,PRJNA319662
SRR3622749,adult,Acropora millepora,PRJNA319662
SRR3622752,adult,Acropora millepora,PRJNA319662
SRR3622755,adult,Acropora millepora,PRJNA319662
SRR3622771,adult,Acropora millepora,PRJNA319662
SRR3622774,adult,Acropora millepora,PRJNA319662
SRR3622777,adult,Acropora millepora,PRJNA319662
SRR3622781,adult,Acropora millepora,PRJNA319662
SRR3622784,adult,Acropora millepora,PRJNA319662
SRR3622787,adult,Acropora millepora,PRJNA319662
SRR3622790,adult,Acropora millepora,PRJNA319662
SRR3622791,adult,Acropora millepora,PRJNA319662
SRR3622794,adult,Acropora millepora,PRJNA319662
SRR3622797,adult,Acropora millepora,PRJNA319662
SRR3622800,adult,Acropora millepora,PRJNA319662
SRR3622841,adult,Acropora millepora,PRJNA319662
SRR3622851,adult,Acropora millepora,PRJNA319662
SRR3622854,adult,Acropora millepora,PRJNA319662
SRR3622857,adult,Acropora millepora,PRJNA319662
SRR3622861,adult,Acropora millepora,PRJNA319662
SRR3622864,adult,Acropora millepora,PRJNA319662
SRR3622867,adult,Acropora millepora,PRJNA319662
SRR3622870,adult,Acropora millepora,PRJNA319662
SRR3622872,adult,Acropora millepora,PRJNA319662
SRR3622874,adult,Acropora millepora,PRJNA319662
SRR3622877,adult,Acropora millepora,PRJNA319662
SRR3622880,adult,Acropora millepora,PRJNA319662
SRR3622884,adult,Acropora millepora,PRJNA319662
SRR3622887,adult,Acropora millepora,PRJNA319662
SRR3622890,adult,Acropora millepora,PRJNA319662
SRR3622894,adult,Acropora millepora,PRJNA319662
SRR3622897,adult,Acropora millepora,PRJNA319662
SRR3622900,adult,Acropora millepora,PRJNA319662
SRR3622904,adult,Acropora millepora,PRJNA319662
SRR3622907,adult,Acropora millepora,PRJNA319662
SRR3622910,adult,Acropora millepora,PRJNA319662